Alloy_ID,UTS,YS,EL,PH_Al,PH_Al2,PH_Si,PH_AlSc2Si2,EL_Sc
1,201.4,106.4,4.6,0.50824,0.39578,0.04743,0,0
2,213.2,127.6,4.6,0.52111,0.24889,0.05152,0.0031,0.21
3,234.8,148.1,5.4,0.53239,0.0976,0.05061,0.00603,0.41
4,238.5,148.8,3.9,0.46943,0.07305,0.04951,0.00968,0.65
5,238.3,147.6,3.6,0.40522,0.13993,0.04897,0.01118,0.75
6,239.1,153.2,5.3,0.5395,0.00071,0.05006,0.00802,0.54
