Alloy,YS,UTS,EL,PH_Al,PH_Al(2),PH_Si,PH_AlSc2Si2,EL_Si,EL_Mg
355,125.49,214.89,8.69,0.68266,0.21862,0.02743,0.00451,5,0.5
A356,134.64,230.52,6.87,0.5395,0.35502,0.04448,0.00749,6.9,0.44
A357,141.79,235.51,5.94,0.53373,0.33872,0.04248,0.00703,7,0.6
A360,137.57,242.88,5.03,0.33347,0.52596,0.06585,0.01118,9.5,0.5
A380,99.93,201.52,7.33,0.40872,0.51499,6.39E-02,0.01155,8.5,0
A413,98.85,213.58,7.8,0.1167,0.76344,0.09474,0.01714,12,0
test1,140,240,2.5,0.0412,0.75241,0.09421,0.01599,13,0.65
test2,110,210,7.5,0.45641,0.38698,0.04854,0.00801,8,0.7
