UTS,YS,EL
204.36925,109.44105,4.6579475
216.07042,124.79768,4.769163
237.96072,144.86363,5.299468
235.48584,145.83005,3.9721558
241.30339,150.58907,3.7010105
